tmdb_id,budget,genres,homepage,id,keywords,original_language,original_title,overview,popularity,production_companies,production_countries,release_date,revenue,runtime,spoken_languages,status,tagline,title,vote_average,vote_count
19995,0,,,,,,,Keine Beschreibung verfügbar,0.0,,,,0,0.0,,,,,0.0,0
417859,0,,,,,,,Keine Beschreibung verfügbar,0.0,,,,0,0.0,,,,,0.0,0
13700,0,,,,,,,Keine Beschreibung verfügbar,0.0,,,,0,0.0,,,,,0.0,0
262504,0,,,,,,,Keine Beschreibung verfügbar,0.0,,,,0,0.0,,,,,0.0,0
257088,0,,,,,,,Keine Beschreibung verfügbar,0.0,,,,0,0.0,,,,,0.0,0
258509,0,,,,,,,Keine Beschreibung verfügbar,0.0,,,,0,0.0,,,,,0.0,0
49852,0,,,,,,,Keine Beschreibung verfügbar,0.0,,,,0,0.0,,,,,0.0,0
39691,0,,,,,,,Keine Beschreibung verfügbar,0.0,,,,0,0.0,,,,,0.0,0
330770,0,,,,,,,Keine Beschreibung verfügbar,0.0,,,,0,0.0,,,,,0.0,0
77951,0,,,,,,,Keine Beschreibung verfügbar,0.0,,,,0,0.0,,,,,0.0,0
10197,0,,,,,,,Keine Beschreibung verfügbar,0.0,,,,0,0.0,,,,,0.0,0
9992,0,,,,,,,Keine Beschreibung verfügbar,0.0,,,,0,0.0,,,,,0.0,0
76649,0,,,,,,,Keine Beschreibung verfügbar,0.0,,,,0,0.0,,,,,0.0,0
293644,0,,,,,,,Keine Beschreibung verfügbar,0.0,,,,0,0.0,,,,,0.0,0
15189,0,,,,,,,Keine Beschreibung verfügbar,0.0,,,,0,0.0,,,,,0.0,0
25769,0,,,,,,,Keine Beschreibung verfügbar,0.0,,,,0,0.0,,,,,0.0,0
228165,0,,,,,,,Keine Beschreibung verfügbar,0.0,,,,0,0.0,,,,,0.0,0
59981,0,,,,,,,Keine Beschreibung verfügbar,0.0,,,,0,0.0,,,,,0.0,0
188207,0,,,,,,,Keine Beschreibung verfügbar,0.0,,,,0,0.0,,,,,0.0,0
196867,0,,,,,,,Keine Beschreibung verfügbar,0.0,,,,0,0.0,,,,,0.0,0
10783,0,,,,,,,Keine Beschreibung verfügbar,0.0,,,,0,0.0,,,,,0.0,0
16577,0,,,,,,,Keine Beschreibung verfügbar,0.0,,,,0,0.0,,,,,0.0,0
13576,0,,,,,,,Keine Beschreibung verfügbar,0.0,,,,0,0.0,,,,,0.0,0
170687,0,,,,,,,Keine Beschreibung verfügbar,0.0,,,,0,0.0,,,,,0.0,0
87825,0,,,,,,,Keine Beschreibung verfügbar,0.0,,,,0,0.0,,,,,0.0,0
12201,0,,,,,,,Keine Beschreibung verfügbar,0.0,,,,0,0.0,,,,,0.0,0
123553,0,,,,,,,Keine Beschreibung verfügbar,0.0,,,,0,0.0,,,,,0.0,0
381902,0,,,,,,,Keine Beschreibung verfügbar,0.0,,,,0,0.0,,,,,0.0,0
175574,0,,,,,,,Keine Beschreibung verfügbar,0.0,,,,0,0.0,,,,,0.0,0
285923,0,,,,,,,Keine Beschreibung verfügbar,0.0,,,,0,0.0,,,,,0.0,0
9907,0,,,,,,,Keine Beschreibung verfügbar,0.0,,,,0,0.0,,,,,0.0,0
9969,0,,,,,,,Keine Beschreibung verfügbar,0.0,,,,0,0.0,,,,,0.0,0
216282,0,,,,,,,Keine Beschreibung verfügbar,0.0,,,,0,0.0,,,,,0.0,0
9624,0,,,,,,,Keine Beschreibung verfügbar,0.0,,,,0,0.0,,,,,0.0,0
38579,0,,,,,,,Keine Beschreibung verfügbar,0.0,,,,0,0.0,,,,,0.0,0
316152,0,,,,,,,Keine Beschreibung verfügbar,0.0,,,,0,0.0,,,,,0.0,0
69668,0,,,,,,,Keine Beschreibung verfügbar,0.0,,,,0,0.0,,,,,0.0,0
38363,0,,,,,,,Keine Beschreibung verfügbar,0.0,,,,0,0.0,,,,,0.0,0
15268,0,,,,,,,Keine Beschreibung verfügbar,0.0,,,,0,0.0,,,,,0.0,0
53953,0,,,,,,,Keine Beschreibung verfügbar,0.0,,,,0,0.0,,,,,0.0,0
181283,0,,,,,,,Keine Beschreibung verfügbar,0.0,,,,0,0.0,,,,,0.0,0
7504,0,,,,,,,Keine Beschreibung verfügbar,0.0,,,,0,0.0,,,,,0.0,0
5393,0,,,,,,,Keine Beschreibung verfügbar,0.0,,,,0,0.0,,,,,0.0,0
113464,0,,,,,,,Keine Beschreibung verfügbar,0.0,,,,0,0.0,,,,,0.0,0
20856,0,,,,,,,Keine Beschreibung verfügbar,0.0,,,,0,0.0,,,,,0.0,0
12412,0,,,,,,,Keine Beschreibung verfügbar,0.0,,,,0,0.0,,,,,0.0,0
6639,0,,,,,,,Keine Beschreibung verfügbar,0.0,,,,0,0.0,,,,,0.0,0
116977,0,,,,,,,Keine Beschreibung verfügbar,0.0,,,,0,0.0,,,,,0.0,0
10935,0,,,,,,,Keine Beschreibung verfügbar,0.0,,,,0,0.0,,,,,0.0,0
37950,0,,,,,,,Keine Beschreibung verfügbar,0.0,,,,0,0.0,,,,,0.0,0
8095,0,,,,,,,Keine Beschreibung verfügbar,0.0,,,,0,0.0,,,,,0.0,0
280391,0,,,,,,,Keine Beschreibung verfügbar,0.0,,,,0,0.0,,,,,0.0,0
10060,0,,,,,,,Keine Beschreibung verfügbar,0.0,,,,0,0.0,,,,,0.0,0
11025,0,,,,,,,Keine Beschreibung verfügbar,0.0,,,,0,0.0,,,,,0.0,0
78698,0,,,,,,,Keine Beschreibung verfügbar,0.0,,,,0,0.0,,,,,0.0,0
14655,0,,,,,,,Keine Beschreibung verfügbar,0.0,,,,0,0.0,,,,,0.0,0
20542,0,,,,,,,Keine Beschreibung verfügbar,0.0,,,,0,0.0,,,,,0.0,0
9978,0,,,,,,,Keine Beschreibung verfügbar,0.0,,,,0,0.0,,,,,0.0,0
14392,0,,,,,,,Keine Beschreibung verfügbar,0.0,,,,0,0.0,,,,,0.0,0
19495,0,,,,,,,Keine Beschreibung verfügbar,0.0,,,,0,0.0,,,,,0.0,0
77459,0,,,,,,,Keine Beschreibung verfügbar,0.0,,,,0,0.0,,,,,0.0,0
26486,0,,,,,,,Keine Beschreibung verfügbar,0.0,,,,0,0.0,,,,,0.0,0
256040,0,,,,,,,Keine Beschreibung verfügbar,0.0,,,,0,0.0,,,,,0.0,0
257932,0,,,,,,,Keine Beschreibung verfügbar,0.0,,,,0,0.0,,,,,0.0,0
14324,0,,,,,,,Keine Beschreibung verfügbar,0.0,,,,0,0.0,,,,,0.0,0
62837,0,,,,,,,Keine Beschreibung verfügbar,0.0,,,,0,0.0,,,,,0.0,0
16911,0,,,,,,,Keine Beschreibung verfügbar,0.0,,,,0,0.0,,,,,0.0,0
227735,0,,,,,,,Keine Beschreibung verfügbar,0.0,,,,0,0.0,,,,,0.0,0
48171,0,,,,,,,Keine Beschreibung verfügbar,0.0,,,,0,0.0,,,,,0.0,0
75531,0,,,,,,,Keine Beschreibung verfügbar,0.0,,,,0,0.0,,,,,0.0,0
11802,0,,,,,,,Keine Beschreibung verfügbar,0.0,,,,0,0.0,,,,,0.0,0
45054,0,,,,,,,Keine Beschreibung verfügbar,0.0,,,,0,0.0,,,,,0.0,0
336004,0,,,,,,,Keine Beschreibung verfügbar,0.0,,,,0,0.0,,,,,0.0,0
35019,0,,,,,,,Keine Beschreibung verfügbar,0.0,,,,0,0.0,,,,,0.0,0
98357,0,,,,,,,Keine Beschreibung verfügbar,0.0,,,,0,0.0,,,,,0.0,0
119283,0,,,,,,,Keine Beschreibung verfügbar,0.0,,,,0,0.0,,,,,0.0,0
35169,0,,,,,,,Keine Beschreibung verfügbar,0.0,,,,0,0.0,,,,,0.0,0
118957,0,,,,,,,Keine Beschreibung verfügbar,0.0,,,,0,0.0,,,,,0.0,0
18886,0,,,,,,,Keine Beschreibung verfügbar,0.0,,,,0,0.0,,,,,0.0,0
22787,0,,,,,,,Keine Beschreibung verfügbar,0.0,,,,0,0.0,,,,,0.0,0
